Nome,cpu total(%),cpus_nucleos,ram(%),disco(%),Quando foi Coletado,Rede recebida(Mbps),Rede enviada(Mbps),Frequencia de uso da CPU(MHz),Endereco MAC
Lucas,50.3,"[47.7, 47.5, 48.2, 61.2]",74.7,22.9,2026-08-21 14:23:16.357257,0.07,0.06,2195.07,34:68:95:df:a0:09
Lucas,41.1,"[38.9, 45.5, 35.0, 50.2]",74.9,22.9,2026-08-21 14:23:16.976058,0.28,0.12,2194.16,34:68:95:df:a0:09
Lucas,6.6,"[35.2, 27.1, 23.6, 24.1]",74.9,22.9,2026-08-21 14:23:23.360297,0.28,0.0,913.79,34:68:95:df:a0:09
Lucas,10.8,"[32.3, 21.5, 22.0, 20.5]",74.8,22.9,2026-08-21 14:23:23.978964,0.28,0.0,1001.15,34:68:95:df:a0:09
Lucas,21.8,"[20.1, 18.4, 19.4, 18.6]",72.7,22.9,2026-08-21 14:23:30.363290,0.02,0.01,876.2,34:68:95:df:a0:09
Lucas,25.7,"[19.8, 18.4, 19.4, 19.3]",72.5,22.9,2026-08-21 14:23:30.982045,0.04,0.03,848.07,34:68:95:df:a0:09
Lucas,7.6,"[15.2, 14.3, 14.5, 15.2]",72.5,22.9,2026-08-21 14:23:37.367412,0.01,0.0,798.14,34:68:95:df:a0:09
Lucas,12.6,"[16.0, 14.9, 14.2, 15.2]",72.8,22.9,2026-08-21 14:23:37.986355,0.02,0.0,798.24,34:68:95:df:a0:09
Lucas,7.9,"[15.2, 15.5, 15.3, 15.7]",72.9,22.9,2026-08-21 14:23:44.371956,0.04,0.04,798.25,34:68:95:df:a0:09
Lucas,12.5,"[15.0, 15.8, 15.5, 15.7]",73.0,22.9,2026-08-21 14:23:44.991518,0.06,0.06,798.18,34:68:95:df:a0:09
Lucas,17.4,"[24.6, 23.3, 25.5, 23.1]",73.1,22.9,2026-08-21 14:23:51.376110,0.07,0.0,2095.21,34:68:95:df:a0:09
Lucas,40.3,"[28.3, 26.3, 27.8, 26.5]",73.7,22.9,2026-08-21 14:23:58.379003,0.53,0.02,1521.91,34:68:95:df:a0:09
Lucas,44.0,"[30.8, 38.0, 34.0, 32.3]",74.0,22.9,2026-08-21 14:24:05.385079,0.05,0.04,2195.3,34:68:95:df:a0:09
Lucas,5.9,"[9.8, 10.4, 10.0, 10.5]",74.3,22.9,2026-08-21 14:24:12.392670,0.02,0.0,798.17,34:68:95:df:a0:09
Lucas,19.5,"[22.3, 24.7, 24.7, 27.0]",75.1,22.9,2026-08-21 14:24:19.396277,0.25,0.05,1889.69,34:68:95:df:a0:09
Lucas,12.3,"[17.6, 18.2, 20.6, 17.2]",75.1,22.9,2026-08-21 14:24:26.398768,0.28,0.09,2196.52,34:68:95:df:a0:09
Lucas,21.8,"[21.3, 23.2, 22.4, 22.5]",75.4,22.9,2026-08-21 14:24:33.400791,0.04,0.11,2195.66,34:68:95:df:a0:09
Lucas,8.8,"[15.2, 15.6, 16.2, 15.7]",73.6,22.9,2026-08-21 14:24:40.404395,0.02,0.02,798.19,34:68:95:df:a0:09
Lucas,10.2,"[17.1, 17.8, 16.8, 18.0]",74.0,22.9,2026-08-21 14:24:47.409135,0.06,0.05,1412.16,34:68:95:df:a0:09
Lucas,35.0,"[26.5, 22.9, 26.3, 23.1]",74.6,22.9,2026-08-21 14:24:54.413391,0.1,0.26,869.97,34:68:95:df:a0:09
Lucas,2.4,"[4.5, 5.1, 4.2, 4.2]",74.6,22.9,2026-08-21 14:25:01.417670,0.04,0.0,798.24,34:68:95:df:a0:09
Lucas,2.8,"[7.1, 9.0, 6.7, 6.9]",73.8,22.9,2026-08-21 14:25:08.422201,0.07,0.0,798.12,34:68:95:df:a0:09
Lucas,3.7,"[4.6, 3.9, 3.4, 2.5]",73.9,22.9,2026-08-21 14:25:15.426969,0.05,0.01,798.27,34:68:95:df:a0:09
Lucas,1.8,"[3.8, 1.7, 2.5, 2.2]",73.9,22.9,2026-08-21 14:25:22.431422,0.02,0.0,798.44,34:68:95:df:a0:09
Lucas,2.3,"[3.3, 3.3, 2.5, 2.9]",73.8,22.9,2026-08-21 14:25:29.435438,0.01,0.0,798.28,34:68:95:df:a0:09
Lucas,3.9,"[5.4, 2.9, 3.3, 3.6]",73.8,22.9,2026-08-21 14:25:36.440129,0.02,0.0,723.62,34:68:95:df:a0:09
Lucas,1.9,"[3.3, 4.2, 2.9, 2.7]",73.8,22.9,2026-08-21 14:25:43.444461,0.03,0.0,798.25,34:68:95:df:a0:09
Lucas,1.9,"[2.8, 3.4, 4.1, 5.2]",73.7,22.9,2026-08-21 14:25:50.449021,0.03,0.0,798.23,34:68:95:df:a0:09
Lucas,2.5,"[6.9, 5.1, 6.0, 4.3]",73.7,22.9,2026-08-21 14:25:57.452681,0.05,0.04,1771.24,34:68:95:df:a0:09
Lucas,6.8,"[9.2, 7.9, 10.0, 7.8]",73.2,22.9,2026-08-21 14:26:04.456408,0.1,0.0,798.12,34:68:95:df:a0:09
Lucas,3.4,"[3.9, 3.2, 3.1, 4.6]",73.1,22.9,2026-08-21 14:26:11.460934,0.23,0.0,649.09,34:68:95:df:a0:09
Lucas,1.9,"[3.3, 2.6, 4.4, 3.8]",73.1,22.9,2026-08-21 14:26:18.465362,0.04,0.0,723.74,34:68:95:df:a0:09
Lucas,8.5,"[5.2, 3.2, 4.2, 5.1]",73.4,22.9,2026-08-21 14:26:25.469761,0.13,0.0,723.94,34:68:95:df:a0:09
Lucas,3.5,"[5.5, 4.1, 4.4, 3.3]",73.7,22.9,2026-08-21 14:26:32.474277,0.1,0.07,798.25,34:68:95:df:a0:09
Lucas,5.3,"[7.9, 4.5, 4.7, 5.3]",73.8,22.9,2026-08-21 14:26:39.478203,0.15,0.12,797.96,34:68:95:df:a0:09
Lucas,2.9,"[3.5, 4.8, 5.4, 4.3]",73.5,22.9,2026-08-21 14:26:46.483958,0.03,0.05,952.26,34:68:95:df:a0:09
Lucas,12.7,"[5.4, 6.5, 8.6, 5.5]",73.7,22.9,2026-08-21 14:26:53.487789,0.04,0.11,2194.94,34:68:95:df:a0:09
Lucas,1.5,"[5.3, 4.5, 6.3, 4.1]",73.8,22.9,2026-08-21 14:27:00.492010,0.03,0.0,723.75,34:68:95:df:a0:09
Lucas,2.4,"[6.1, 2.6, 2.6, 3.5]",73.6,22.9,2026-08-21 14:27:07.495761,0.02,0.0,1466.89,34:68:95:df:a0:09
Lucas,1.5,"[2.0, 2.7, 2.6, 3.2]",73.6,22.9,2026-08-21 14:27:14.499394,0.04,0.0,723.68,34:68:95:df:a0:09
Lucas,9.0,"[4.3, 4.5, 6.0, 6.5]",73.3,22.9,2026-08-21 14:27:21.502965,0.11,0.0,1358.87,34:68:95:df:a0:09
Lucas,1.9,"[3.0, 3.6, 2.9, 2.5]",73.3,22.9,2026-08-21 14:27:28.506440,0.02,0.0,798.27,34:68:95:df:a0:09
Lucas,26.0,"[21.6, 19.8, 21.7, 18.6]",74.5,22.9,2026-08-21 14:30:19.173373,0.04,0.04,1919.95,34:68:95:df:a0:09
Lucas,27.1,"[21.5, 29.0, 22.3, 42.9]",75.6,22.9,2026-08-21 14:30:26.181331,0.06,0.17,1120.57,34:68:95:df:a0:09
Lucas,3.3,"[9.5, 11.9, 9.9, 14.1]",75.7,22.9,2026-08-21 14:30:33.185221,0.08,0.17,723.74,34:68:95:df:a0:09
Lucas,1.8,"[6.3, 6.5, 6.3, 6.1]",75.5,22.9,2026-08-21 14:30:40.189551,0.03,0.0,723.73,34:68:95:df:a0:09
Lucas,3.7,"[3.1, 2.3, 3.3, 4.0]",75.0,22.9,2026-08-21 14:30:47.194140,0.02,0.0,723.64,34:68:95:df:a0:09
Lucas,13.8,"[8.0, 8.8, 5.9, 7.1]",74.9,22.9,2026-08-21 14:30:54.198055,0.28,0.38,2194.98,34:68:95:df:a0:09
Lucas,5.6,"[5.5, 4.9, 4.2, 4.2]",74.8,22.9,2026-08-21 14:31:01.201671,0.02,0.0,1621.77,34:68:95:df:a0:09
Lucas,1.6,"[2.0, 2.3, 2.9, 2.9]",74.7,22.9,2026-08-21 14:31:08.205214,0.02,0.0,723.67,34:68:95:df:a0:09
Lucas,2.0,"[2.9, 3.2, 2.9, 2.9]",74.4,22.9,2026-08-21 14:31:15.209524,0.03,0.0,723.94,34:68:95:df:a0:09
Lucas,3.0,"[3.8, 4.2, 2.9, 4.2]",74.5,22.9,2026-08-21 14:31:22.214088,0.19,0.0,723.77,34:68:95:df:a0:09
Lucas,2.8,"[2.6, 4.2, 3.8, 3.2]",74.4,22.9,2026-08-21 14:31:29.218540,0.26,0.0,798.17,34:68:95:df:a0:09
Lucas,1.5,"[4.1, 4.5, 4.2, 4.5]",74.4,22.9,2026-08-21 14:31:36.222937,0.04,0.0,649.12,34:68:95:df:a0:09
Lucas,1.5,"[3.1, 3.6, 2.4, 3.2]",74.4,22.9,2026-08-21 14:31:43.227373,0.13,0.0,649.29,34:68:95:df:a0:09
Lucas,2.7,"[2.3, 2.2, 3.6, 3.3]",74.5,22.9,2026-08-21 14:31:50.231771,0.08,0.0,798.52,34:68:95:df:a0:09
Lucas,1.5,"[3.1, 2.0, 3.5, 1.7]",74.4,22.9,2026-08-21 14:31:57.236176,0.03,0.0,798.55,34:68:95:df:a0:09
Lucas,1.4,"[2.6, 2.9, 2.9, 3.2]",74.4,22.9,2026-08-21 14:32:04.240546,0.02,0.0,798.35,34:68:95:df:a0:09
Lucas,2.1,"[1.9, 2.6, 3.3, 2.5]",74.3,22.9,2026-08-21 14:32:11.244922,0.01,0.0,723.71,34:68:95:df:a0:09
Lucas,2.8,"[2.6, 3.5, 3.0, 2.5]",74.1,22.9,2026-08-21 14:32:18.249313,0.07,0.0,723.71,34:68:95:df:a0:09
Lucas,3.0,"[2.9, 3.0, 4.3, 2.5]",74.3,22.9,2026-08-21 14:32:25.253649,0.06,0.07,798.38,34:68:95:df:a0:09
Lucas,2.7,"[6.0, 5.8, 6.3, 7.5]",73.8,22.9,2026-08-21 14:32:32.258023,0.02,0.0,798.39,34:68:95:df:a0:09
Lucas,1.5,"[2.5, 3.2, 2.3, 1.7]",73.8,22.9,2026-08-21 14:32:39.262346,0.01,0.0,723.7,34:68:95:df:a0:09
Lucas,1.8,"[2.9, 2.5, 2.6, 2.3]",73.8,22.9,2026-08-21 14:32:46.266829,0.03,0.0,723.81,34:68:95:df:a0:09
Lucas,1.5,"[4.4, 2.6, 2.6, 2.7]",74.0,22.9,2026-08-21 14:32:53.271208,0.11,0.0,798.29,34:68:95:df:a0:09
Lucas,2.3,"[3.1, 3.0, 3.3, 2.4]",74.1,22.9,2026-08-21 14:33:00.275740,0.05,0.0,723.69,34:68:95:df:a0:09
Lucas,1.5,"[2.8, 3.2, 2.2, 3.8]",74.1,22.9,2026-08-21 14:33:07.280543,0.05,0.0,857.01,34:68:95:df:a0:09
Lucas,2.5,"[2.5, 3.3, 3.0, 3.5]",74.0,22.9,2026-08-21 14:33:14.284779,0.22,0.0,574.57,34:68:95:df:a0:09
Lucas,3.7,"[3.1, 4.6, 3.5, 3.3]",74.2,22.9,2026-08-21 14:33:21.289314,0.24,0.0,723.7,34:68:95:df:a0:09
Lucas,1.9,"[3.5, 3.6, 2.9, 4.8]",74.1,22.9,2026-08-21 14:33:28.293717,0.12,0.0,798.13,34:68:95:df:a0:09
Lucas,1.9,"[6.6, 4.5, 5.9, 3.8]",74.1,22.9,2026-08-21 14:33:35.298174,0.06,0.0,723.72,34:68:95:df:a0:09
Lucas,2.8,"[4.1, 3.5, 4.5, 2.6]",74.0,22.9,2026-08-21 14:33:42.302615,0.07,0.05,723.7,34:68:95:df:a0:09
Lucas,1.9,"[3.6, 3.7, 2.6, 2.2]",74.1,22.9,2026-08-21 14:33:49.307270,0.03,0.0,649.12,34:68:95:df:a0:09
Lucas,1.5,"[3.2, 2.9, 2.9, 3.0]",74.1,22.9,2026-08-21 14:33:56.311771,0.02,0.0,649.0,34:68:95:df:a0:09
Lucas,2.5,"[4.5, 2.5, 5.5, 4.6]",74.1,22.9,2026-08-21 14:34:03.316287,0.2,0.0,649.11,34:68:95:df:a0:09
Lucas,2.4,"[4.8, 8.2, 5.8, 4.8]",73.8,22.9,2026-08-21 14:34:10.320847,0.22,0.03,574.55,34:68:95:df:a0:09
Lucas,3.2,"[4.4, 2.5, 6.1, 2.6]",73.8,22.9,2026-08-21 14:34:17.325559,0.02,0.0,723.87,34:68:95:df:a0:09
Lucas,2.3,"[3.9, 3.6, 3.3, 3.0]",73.9,22.9,2026-08-21 14:34:24.330065,0.2,0.0,723.66,34:68:95:df:a0:09
Lucas,8.1,"[5.3, 4.8, 5.0, 4.9]",73.9,22.9,2026-08-21 14:34:31.334530,0.25,0.04,723.68,34:68:95:df:a0:09
Lucas,1.9,"[2.8, 2.9, 3.0, 2.0]",73.9,22.9,2026-08-21 14:34:38.339145,0.08,0.0,798.2,34:68:95:df:a0:09
Lucas,1.6,"[2.8, 2.9, 3.2, 1.7]",74.0,22.9,2026-08-21 14:34:45.343555,0.03,0.0,574.51,34:68:95:df:a0:09
Lucas,2.2,"[2.6, 2.2, 4.6, 3.0]",74.2,22.9,2026-08-21 14:34:52.348161,0.03,0.0,723.8,34:68:95:df:a0:09
Lucas,1.6,"[2.2, 2.6, 2.5, 1.7]",74.1,22.9,2026-08-21 14:34:59.352523,0.36,0.03,723.69,34:68:95:df:a0:09
Lucas,1.6,"[6.3, 6.1, 4.3, 5.5]",73.9,22.9,2026-08-21 14:35:06.357076,0.03,0.0,723.8,34:68:95:df:a0:09
Lucas,2.0,"[2.9, 2.9, 2.7, 2.7]",73.9,22.9,2026-08-21 14:35:13.361545,0.06,0.01,649.27,34:68:95:df:a0:09
Lucas,5.1,"[4.3, 4.9, 5.2, 3.5]",74.1,22.9,2026-08-21 14:35:20.366022,0.25,0.01,798.12,34:68:95:df:a0:09
Lucas,3.3,"[3.8, 4.9, 3.3, 3.9]",74.1,22.9,2026-08-21 14:35:27.370486,0.05,0.07,723.72,34:68:95:df:a0:09
Lucas,1.5,"[4.4, 5.5, 5.9, 5.8]",74.0,22.9,2026-08-21 14:35:34.375056,0.03,0.0,723.83,34:68:95:df:a0:09
Lucas,3.5,"[2.6, 3.3, 3.9, 1.9]",74.0,22.9,2026-08-21 14:35:41.379567,0.19,0.0,723.7,34:68:95:df:a0:09
Lucas,3.0,"[4.2, 2.0, 2.3, 1.6]",73.9,22.9,2026-08-21 14:35:48.384170,0.04,0.0,723.73,34:68:95:df:a0:09
Lucas,2.9,"[3.9, 2.2, 3.5, 3.0]",74.1,22.9,2026-08-21 14:35:55.388537,0.03,0.0,798.25,34:68:95:df:a0:09
Lucas,1.8,"[2.3, 3.6, 3.0, 2.6]",74.1,22.9,2026-08-21 14:36:02.393042,0.03,0.0,723.67,34:68:95:df:a0:09
Lucas,1.4,"[2.9, 3.5, 2.6, 2.3]",74.0,22.9,2026-08-21 14:36:09.397408,0.02,0.0,574.53,34:68:95:df:a0:09
Lucas,1.5,"[2.5, 3.5, 3.2, 1.7]",73.9,22.9,2026-08-21 14:36:16.402025,0.05,0.0,723.65,34:68:95:df:a0:09
Lucas,1.4,"[5.8, 3.6, 3.7, 2.3]",74.0,22.9,2026-08-21 14:36:23.406471,0.05,0.0,723.82,34:68:95:df:a0:09
Lucas,7.5,"[5.3, 4.8, 4.3, 4.3]",73.9,22.9,2026-08-21 14:36:30.410826,0.07,0.15,798.25,34:68:95:df:a0:09
Lucas,2.5,"[4.4, 3.2, 2.9, 4.2]",74.1,22.9,2026-08-21 14:36:37.415322,0.05,0.01,574.54,34:68:95:df:a0:09
Lucas,2.2,"[2.3, 3.0, 2.5, 2.7]",74.1,22.9,2026-08-21 14:36:44.419738,0.13,0.0,649.11,34:68:95:df:a0:09
Lucas,5.6,"[8.5, 9.8, 5.2, 11.5]",73.9,22.9,2026-08-21 14:36:51.424329,0.62,0.0,798.48,34:68:95:df:a0:09
Lucas,1.9,"[2.5, 1.7, 2.6, 2.2]",73.9,22.9,2026-08-21 14:36:58.428686,0.06,0.02,723.69,34:68:95:df:a0:09
Lucas,1.7,"[2.3, 2.5, 3.2, 3.5]",74.0,22.9,2026-08-21 14:37:05.433369,0.04,0.0,798.29,34:68:95:df:a0:09
Lucas,9.3,"[7.0, 8.4, 9.3, 9.7]",74.6,22.9,2026-08-21 14:37:12.437445,0.15,0.2,723.66,34:68:95:df:a0:09
Lucas,4.2,"[6.4, 3.6, 3.0, 3.9]",74.6,22.9,2026-08-21 14:37:19.441497,0.11,0.0,649.17,34:68:95:df:a0:09
Lucas,2.8,"[3.6, 4.3, 3.0, 2.3]",74.6,22.9,2026-08-21 14:37:26.446190,0.01,0.0,574.55,34:68:95:df:a0:09
Lucas,2.8,"[5.7, 5.7, 4.2, 3.9]",74.1,22.9,2026-08-21 14:37:33.450619,0.32,0.0,798.16,34:68:95:df:a0:09
Lucas,2.4,"[3.2, 4.3, 3.6, 4.6]",74.1,22.9,2026-08-21 14:37:40.454943,0.05,0.0,798.32,34:68:95:df:a0:09
Lucas,3.4,"[4.8, 2.3, 2.7, 2.6]",74.0,22.9,2026-08-21 14:37:47.458601,0.07,0.0,1422.2,34:68:95:df:a0:09
Lucas,2.7,"[5.4, 5.1, 6.1, 4.8]",74.5,22.9,2026-08-21 14:37:54.462256,0.04,0.07,798.46,34:68:95:df:a0:09
Lucas,3.3,"[4.9, 3.8, 6.3, 5.6]",74.6,22.9,2026-08-21 14:38:01.466656,0.01,0.01,723.71,34:68:95:df:a0:09
Lucas,3.4,"[6.0, 5.2, 5.0, 4.9]",74.2,22.9,2026-08-21 14:38:08.471234,0.12,0.01,649.19,34:68:95:df:a0:09
Lucas,9.9,"[6.8, 8.8, 6.6, 8.5]",74.3,22.9,2026-08-21 14:38:15.475385,0.34,0.2,798.09,34:68:95:df:a0:09
Lucas,3.8,"[8.0, 4.8, 5.8, 4.1]",74.6,22.9,2026-08-21 14:38:22.479930,0.09,0.0,798.35,34:68:95:df:a0:09
Lucas,2.0,"[2.9, 3.2, 3.2, 3.9]",74.2,22.9,2026-08-21 14:38:29.484325,0.06,0.05,723.68,34:68:95:df:a0:09
Lucas,3.9,"[7.1, 7.2, 7.9, 8.1]",73.9,22.9,2026-08-21 14:38:36.488742,0.29,0.04,723.68,34:68:95:df:a0:09
Lucas,3.7,"[3.1, 3.7, 3.3, 2.9]",73.9,22.9,2026-08-21 14:38:43.493246,0.06,0.02,798.19,34:68:95:df:a0:09
Lucas,2.5,"[8.2, 9.4, 9.4, 5.8]",74.4,22.9,2026-08-21 14:38:50.497578,0.03,0.0,798.28,34:68:95:df:a0:09
Lucas,1.9,"[3.6, 4.3, 3.0, 3.2]",74.4,22.9,2026-08-21 14:38:57.502038,0.03,0.0,574.55,34:68:95:df:a0:09
Lucas,2.9,"[3.1, 2.7, 3.6, 3.2]",74.3,22.9,2026-08-21 14:39:04.506453,0.33,0.0,574.55,34:68:95:df:a0:09
Lucas,25.3,"[11.9, 23.1, 12.7, 10.4]",74.2,22.9,2026-08-21 14:39:11.510547,0.16,0.19,723.85,34:68:95:df:a0:09
Lucas,4.9,"[2.5, 5.9, 2.4, 4.0]",74.0,22.9,2026-08-21 14:39:18.515100,0.2,0.0,798.27,34:68:95:df:a0:09
Lucas,2.7,"[4.7, 6.9, 15.4, 15.4]",73.8,22.9,2026-08-21 14:39:25.519590,0.21,0.0,723.77,34:68:95:df:a0:09
Lucas,4.4,"[5.5, 5.5, 5.1, 4.6]",73.8,22.9,2026-08-21 14:39:32.523740,0.42,0.03,798.23,34:68:95:df:a0:09
Lucas,2.8,"[3.0, 3.9, 3.2, 2.6]",73.8,22.9,2026-08-21 14:39:39.527160,0.05,0.0,2194.9,34:68:95:df:a0:09
Lucas,1.4,"[2.5, 2.7, 2.6, 2.0]",73.8,22.9,2026-08-21 14:39:46.530573,0.01,0.0,723.88,34:68:95:df:a0:09
Lucas,1.4,"[3.5, 4.8, 3.0, 2.5]",73.8,22.9,2026-08-21 14:39:53.535140,0.03,0.0,723.68,34:68:95:df:a0:09
Lucas,5.3,"[3.5, 3.0, 3.5, 3.3]",73.7,22.9,2026-08-21 14:40:00.539555,0.38,0.03,723.64,34:68:95:df:a0:09
Lucas,1.4,"[4.5, 6.9, 3.6, 4.2]",73.6,22.9,2026-08-21 14:40:07.544074,0.01,0.0,798.27,34:68:95:df:a0:09
Lucas,1.1,"[2.5, 2.7, 2.6, 2.2]",73.4,22.9,2026-08-21 14:40:14.548517,0.02,0.0,649.16,34:68:95:df:a0:09
Lucas,6.6,"[3.8, 8.2, 4.3, 2.5]",73.6,22.9,2026-08-21 14:40:21.553056,0.09,0.06,723.68,34:68:95:df:a0:09
Lucas,1.6,"[2.8, 2.3, 3.6, 2.4]",73.6,22.9,2026-08-21 14:40:28.557553,0.05,0.0,649.12,34:68:95:df:a0:09
Lucas,1.8,"[4.5, 8.2, 3.5, 3.0]",73.7,22.9,2026-08-21 14:40:35.562090,0.01,0.0,574.53,34:68:95:df:a0:09
Lucas,1.9,"[3.5, 4.8, 3.0, 3.6]",73.9,22.9,2026-08-21 14:40:42.566561,0.02,0.0,649.09,34:68:95:df:a0:09
Lucas,2.7,"[2.6, 2.7, 4.2, 2.2]",74.0,22.9,2026-08-21 14:40:49.570464,0.06,0.01,723.86,34:68:95:df:a0:09
Lucas,1.6,"[2.3, 3.2, 2.7, 2.2]",74.0,22.9,2026-08-21 14:40:56.574923,0.03,0.0,723.79,34:68:95:df:a0:09
Lucas,1.1,"[5.2, 5.6, 5.2, 5.3]",73.6,22.9,2026-08-21 14:41:03.579449,0.02,0.0,723.8,34:68:95:df:a0:09
Lucas,3.7,"[6.0, 3.3, 4.3, 3.2]",73.7,22.9,2026-08-21 14:41:10.584066,0.16,0.01,798.34,34:68:95:df:a0:09
Lucas,2.9,"[7.4, 5.8, 8.2, 5.9]",73.5,22.9,2026-08-21 14:41:17.587459,0.06,0.0,1771.83,34:68:95:df:a0:09
Lucas,1.5,"[2.5, 2.5, 3.9, 2.9]",73.7,22.9,2026-08-21 14:41:24.590933,0.03,0.0,797.98,34:68:95:df:a0:09
Lucas,5.7,"[4.4, 3.3, 3.7, 3.3]",73.6,22.9,2026-08-21 14:41:31.595447,0.13,0.12,649.12,34:68:95:df:a0:09
Lucas,2.8,"[4.1, 3.6, 2.6, 3.5]",73.4,22.9,2026-08-21 14:41:38.599804,0.08,0.04,798.29,34:68:95:df:a0:09
Lucas,2.7,"[4.2, 2.5, 3.4, 1.7]",73.4,22.9,2026-08-21 14:41:45.604340,0.2,0.0,723.82,34:68:95:df:a0:09
Lucas,2.5,"[3.2, 3.3, 4.5, 2.6]",73.5,22.9,2026-08-21 14:41:52.608703,0.21,0.0,723.72,34:68:95:df:a0:09
Lucas,1.3,"[4.1, 4.5, 3.6, 4.7]",73.4,22.9,2026-08-21 14:41:59.614345,0.02,0.0,798.21,34:68:95:df:a0:09
Lucas,1.6,"[3.1, 3.0, 3.3, 3.0]",73.4,22.9,2026-08-21 14:42:06.620493,0.01,0.0,574.54,34:68:95:df:a0:09
Lucas,1.4,"[1.9, 2.6, 3.0, 3.0]",73.3,22.9,2026-08-21 14:42:13.624911,0.04,0.0,723.77,34:68:95:df:a0:09
Lucas,2.9,"[3.1, 4.8, 2.5, 2.9]",73.5,22.9,2026-08-21 14:42:20.629347,0.02,0.0,798.32,34:68:95:df:a0:09
Lucas,1.9,"[2.9, 2.2, 3.3, 2.3]",73.3,22.9,2026-08-21 14:42:27.633668,0.07,0.0,798.4,34:68:95:df:a0:09
Lucas,2.5,"[3.2, 4.5, 2.6, 3.8]",73.3,22.9,2026-08-21 14:42:34.638318,0.23,0.0,798.22,34:68:95:df:a0:09
Lucas,2.5,"[2.5, 2.3, 3.3, 3.2]",73.3,22.9,2026-08-21 14:42:41.642849,0.03,0.0,649.15,34:68:95:df:a0:09
Lucas,2.8,"[4.1, 5.9, 4.6, 4.1]",73.2,22.9,2026-08-21 14:42:48.647353,0.05,0.0,723.74,34:68:95:df:a0:09
Lucas,1.5,"[2.5, 3.0, 3.3, 1.7]",73.4,22.9,2026-08-21 14:42:55.651893,0.02,0.0,574.55,34:68:95:df:a0:09
Lucas,2.2,"[3.6, 3.6, 4.3, 2.6]",73.3,22.9,2026-08-21 14:43:02.656116,0.03,0.0,649.11,34:68:95:df:a0:09
Lucas,1.8,"[1.9, 2.0, 2.7, 3.5]",73.3,22.9,2026-08-21 14:43:09.660578,0.19,0.0,798.44,34:68:95:df:a0:09
Lucas,1.8,"[3.0, 3.2, 1.9, 2.0]",73.2,22.9,2026-08-21 14:43:16.665000,0.06,0.0,798.3,34:68:95:df:a0:09
Lucas,1.6,"[2.9, 4.6, 3.7, 3.5]",73.5,22.9,2026-08-21 14:43:23.669427,0.04,0.0,574.55,34:68:95:df:a0:09
Lucas,4.2,"[2.9, 3.2, 2.7, 3.7]",73.5,22.9,2026-08-21 14:43:30.673755,0.03,0.06,649.11,34:68:95:df:a0:09
Lucas,2.1,"[5.2, 4.9, 4.5, 6.4]",73.4,22.9,2026-08-21 14:43:37.678215,0.04,0.01,798.15,34:68:95:df:a0:09
Lucas,1.5,"[5.4, 4.9, 4.6, 5.8]",73.3,22.9,2026-08-21 14:43:44.683224,0.04,0.0,724.14,34:68:95:df:a0:09
Lucas,2.4,"[3.1, 4.9, 2.6, 3.3]",73.5,22.9,2026-08-21 14:43:51.687735,0.01,0.0,723.78,34:68:95:df:a0:09
Lucas,2.6,"[3.2, 2.2, 2.3, 4.0]",73.4,22.9,2026-08-21 14:43:58.692398,0.2,0.0,574.55,34:68:95:df:a0:09
Lucas,3.9,"[4.2, 4.1, 3.5, 4.2]",73.4,22.9,2026-08-21 14:44:05.697167,0.35,0.0,798.28,34:68:95:df:a0:09
Lucas,3.4,"[3.3, 3.3, 2.5, 3.8]",73.5,22.9,2026-08-21 14:44:12.702047,0.09,0.04,798.35,34:68:95:df:a0:09
Lucas,4.2,"[4.1, 5.6, 2.9, 2.7]",73.7,22.9,2026-08-21 14:44:19.707362,0.11,0.0,798.43,34:68:95:df:a0:09
Lucas,2.8,"[6.3, 5.3, 4.0, 5.2]",73.6,22.9,2026-08-21 14:44:26.711882,0.25,0.0,798.21,34:68:95:df:a0:09
Lucas,2.5,"[4.4, 3.0, 3.3, 4.5]",73.3,22.9,2026-08-21 14:44:33.716332,0.29,0.04,723.67,34:68:95:df:a0:09
Lucas,1.6,"[4.1, 1.7, 2.0, 2.5]",73.4,22.9,2026-08-21 14:44:40.720876,0.05,0.0,574.55,34:68:95:df:a0:09
Lucas,1.3,"[2.0, 3.5, 2.6, 3.2]",73.2,22.9,2026-08-21 14:44:47.725288,0.05,0.0,649.11,34:68:95:df:a0:09
Lucas,1.6,"[3.5, 4.3, 2.6, 3.3]",73.4,22.9,2026-08-21 14:44:54.729630,0.01,0.0,723.65,34:68:95:df:a0:09
Lucas,9.1,"[4.1, 7.4, 5.1, 4.2]",73.6,22.9,2026-08-21 14:45:01.733470,0.31,0.01,2194.99,34:68:95:df:a0:09
Lucas,2.2,"[3.5, 2.6, 3.6, 3.2]",73.6,22.9,2026-08-21 14:45:08.736879,0.17,0.0,798.32,34:68:95:df:a0:09
Lucas,2.3,"[4.8, 4.3, 5.5, 4.6]",73.5,22.9,2026-08-21 14:45:15.741569,0.08,0.0,649.1,34:68:95:df:a0:09
Lucas,2.7,"[4.7, 2.7, 3.3, 6.6]",73.6,22.9,2026-08-21 14:45:22.746086,0.02,0.0,798.19,34:68:95:df:a0:09
Lucas,2.5,"[6.7, 4.1, 4.9, 3.6]",73.6,22.9,2026-08-21 14:45:29.750572,0.12,0.02,649.11,34:68:95:df:a0:09
Lucas,2.7,"[6.6, 5.3, 5.2, 6.1]",73.6,22.9,2026-08-21 14:45:36.755093,0.13,0.0,797.74,34:68:95:df:a0:09
Lucas,1.4,"[4.2, 2.9, 3.5, 2.7]",73.7,22.9,2026-08-21 14:45:43.759406,0.13,0.0,798.16,34:68:95:df:a0:09
Lucas,2.3,"[3.4, 4.2, 3.0, 3.6]",73.8,22.9,2026-08-21 14:45:50.763858,0.1,0.0,723.75,34:68:95:df:a0:09
Lucas,2.0,"[4.2, 3.2, 3.0, 2.5]",73.6,22.9,2026-08-21 14:45:57.768567,0.1,0.0,723.64,34:68:95:df:a0:09
Lucas,1.4,"[5.8, 6.1, 5.5, 5.6]",73.5,22.9,2026-08-21 14:46:04.773324,0.1,0.0,649.22,34:68:95:df:a0:09
Lucas,4.4,"[4.1, 4.3, 3.0, 2.6]",73.5,22.9,2026-08-21 14:46:11.777804,0.37,0.0,723.95,34:68:95:df:a0:09
Lucas,3.9,"[6.4, 3.3, 3.3, 2.7]",73.7,22.9,2026-08-21 14:46:18.782388,0.06,0.0,649.13,34:68:95:df:a0:09
Lucas,2.0,"[3.9, 3.8, 3.2, 2.7]",73.9,22.9,2026-08-21 14:46:25.786898,0.1,0.0,649.1,34:68:95:df:a0:09
Lucas,4.1,"[4.1, 4.3, 4.2, 3.5]",73.9,22.9,2026-08-21 14:46:32.791504,0.14,0.09,574.55,34:68:95:df:a0:09
Lucas,2.8,"[4.5, 5.8, 4.8, 4.5]",73.7,22.9,2026-08-21 14:46:39.795926,0.07,0.03,649.15,34:68:95:df:a0:09
Lucas,1.6,"[2.8, 1.7, 2.6, 2.3]",73.5,22.9,2026-08-21 14:46:46.800366,0.04,0.0,649.19,34:68:95:df:a0:09
Lucas,1.1,"[3.6, 3.5, 2.2, 2.3]",73.7,22.9,2026-08-21 14:46:53.804937,0.02,0.0,574.55,34:68:95:df:a0:09
Lucas,5.7,"[4.8, 4.5, 4.3, 4.9]",73.7,22.9,2026-08-21 14:47:00.809022,0.22,0.02,2195.09,34:68:95:df:a0:09
Lucas,1.5,"[5.7, 5.3, 4.0, 5.6]",73.7,22.9,2026-08-21 14:47:07.813171,0.02,0.0,723.7,34:68:95:df:a0:09
Lucas,1.4,"[2.6, 3.0, 2.7, 2.7]",73.5,22.9,2026-08-21 14:47:14.817448,0.04,0.0,723.66,34:68:95:df:a0:09
Lucas,2.5,"[7.6, 4.8, 5.3, 4.7]",73.5,22.9,2026-08-21 14:47:21.821945,0.07,0.0,723.53,34:68:95:df:a0:09
Lucas,1.4,"[2.3, 2.4, 1.9, 2.7]",73.4,22.9,2026-08-21 14:47:28.826710,0.04,0.0,649.11,34:68:95:df:a0:09
Lucas,2.2,"[3.4, 3.2, 4.0, 3.3]",73.4,22.9,2026-08-21 14:47:35.831266,0.08,0.03,798.29,34:68:95:df:a0:09
Lucas,1.6,"[3.9, 3.6, 3.7, 3.2]",73.5,22.9,2026-08-21 14:47:42.835668,0.05,0.0,723.67,34:68:95:df:a0:09
Lucas,5.1,"[4.7, 3.3, 2.9, 2.3]",73.6,22.9,2026-08-21 14:47:49.840112,0.02,0.01,649.1,34:68:95:df:a0:09
Lucas,2.0,"[3.6, 2.7, 2.3, 2.0]",73.7,22.9,2026-08-21 14:47:56.844529,0.02,0.0,723.71,34:68:95:df:a0:09
Lucas,1.9,"[7.5, 5.9, 5.0, 5.5]",73.6,22.9,2026-08-21 14:48:03.849092,0.19,0.0,649.09,34:68:95:df:a0:09
Lucas,3.4,"[2.5, 2.7, 3.0, 3.0]",73.4,22.9,2026-08-21 14:48:10.853710,0.14,0.07,723.81,34:68:95:df:a0:09
Lucas,1.1,"[3.3, 1.9, 3.0, 2.2]",73.3,22.9,2026-08-21 14:48:17.858228,0.03,0.0,798.07,34:68:95:df:a0:09
Lucas,1.1,"[3.5, 4.0, 2.6, 2.7]",73.5,22.9,2026-08-21 14:48:24.863144,0.07,0.0,649.11,34:68:95:df:a0:09
Lucas,10.6,"[5.8, 4.0, 4.9, 5.2]",73.9,22.9,2026-08-21 14:48:31.867579,0.35,0.3,798.22,34:68:95:df:a0:09
Lucas,2.0,"[3.9, 2.9, 3.3, 3.2]",73.8,22.9,2026-08-21 14:48:38.872088,0.02,0.0,723.89,34:68:95:df:a0:09
Lucas,2.7,"[8.1, 7.5, 7.6, 7.8]",73.4,22.9,2026-08-21 14:48:45.876542,0.01,0.0,723.71,34:68:95:df:a0:09
Lucas,2.0,"[3.3, 4.0, 3.6, 3.3]",73.5,22.9,2026-08-21 14:48:52.881196,0.03,0.0,649.18,34:68:95:df:a0:09
Lucas,2.2,"[2.8, 2.2, 2.6, 3.0]",73.4,22.9,2026-08-21 14:48:59.885880,0.21,0.0,798.11,34:68:95:df:a0:09
Lucas,2.8,"[4.2, 3.6, 4.3, 3.9]",73.5,22.9,2026-08-21 14:49:06.890454,0.33,0.0,798.29,34:68:95:df:a0:09
Lucas,1.3,"[2.5, 3.0, 2.5, 2.6]",73.4,22.9,2026-08-21 14:49:13.894990,0.02,0.0,723.74,34:68:95:df:a0:09
Lucas,3.5,"[3.4, 4.6, 3.9, 2.4]",73.6,22.9,2026-08-21 14:49:20.899445,0.12,0.0,798.44,34:68:95:df:a0:09
Lucas,1.6,"[4.7, 4.9, 4.6, 5.5]",73.4,22.9,2026-08-21 14:49:27.903818,0.11,0.0,723.66,34:68:95:df:a0:09
Lucas,1.9,"[5.0, 4.5, 3.9, 4.5]",73.5,22.9,2026-08-21 14:49:34.908429,0.14,0.03,574.55,34:68:95:df:a0:09
Lucas,3.3,"[4.2, 3.9, 3.3, 3.6]",73.6,22.9,2026-08-21 14:49:41.912878,0.13,0.0,798.16,34:68:95:df:a0:09
Lucas,3.2,"[2.5, 4.8, 2.9, 3.3]",73.7,22.9,2026-08-21 14:49:48.917333,0.11,0.0,798.21,34:68:95:df:a0:09
Lucas,3.0,"[4.7, 4.2, 2.8, 4.2]",73.7,22.9,2026-08-21 14:49:55.921710,0.05,0.0,798.23,34:68:95:df:a0:09
Lucas,5.1,"[5.8, 5.6, 6.6, 8.5]",73.6,22.9,2026-08-21 14:50:02.925871,0.06,0.02,723.67,34:68:95:df:a0:09
Lucas,3.2,"[6.2, 3.9, 4.2, 4.6]",73.4,22.9,2026-08-21 14:50:09.930373,0.37,0.0,649.12,34:68:95:df:a0:09
Lucas,2.0,"[3.4, 4.5, 2.7, 4.0]",73.3,22.9,2026-08-21 14:50:16.934750,0.05,0.0,649.16,34:68:95:df:a0:09
Lucas,2.3,"[3.8, 4.1, 2.8, 4.0]",73.5,22.9,2026-08-21 14:50:23.939356,0.07,0.01,723.78,34:68:95:df:a0:09
Lucas,18.6,"[7.3, 7.5, 6.9, 9.9]",73.8,22.9,2026-08-21 14:50:30.943199,0.35,0.19,2195.06,34:68:95:df:a0:09
Lucas,2.4,"[7.7, 6.8, 11.0, 9.1]",74.4,22.9,2026-08-21 14:50:37.946999,0.03,0.02,798.25,34:68:95:df:a0:09
Lucas,1.4,"[7.0, 4.8, 5.6, 4.9]",74.1,22.9,2026-08-21 14:50:44.951671,0.06,0.0,798.22,34:68:95:df:a0:09
Lucas,2.8,"[3.6, 2.3, 2.9, 4.5]",74.2,22.9,2026-08-21 14:50:51.956463,0.02,0.0,723.72,34:68:95:df:a0:09
Lucas,1.3,"[2.5, 2.3, 2.2, 2.2]",74.0,22.9,2026-08-21 14:50:58.960766,0.02,0.0,574.55,34:68:95:df:a0:09
Lucas,2.5,"[5.4, 5.3, 5.2, 4.5]",73.6,22.9,2026-08-21 14:51:05.965279,0.19,0.0,649.09,34:68:95:df:a0:09
Lucas,3.3,"[2.8, 2.5, 3.6, 4.0]",73.6,22.9,2026-08-21 14:51:12.969647,0.24,0.02,657.6,34:68:95:df:a0:09
Lucas,4.2,"[2.7, 2.9, 2.5, 4.7]",73.8,22.9,2026-08-21 14:51:19.974258,0.02,0.0,798.19,34:68:95:df:a0:09
Lucas,4.3,"[7.4, 6.9, 7.8, 9.4]",73.6,22.9,2026-08-21 14:51:26.978283,0.09,0.01,1038.2,34:68:95:df:a0:09
Lucas,3.2,"[3.5, 2.6, 5.2, 4.5]",73.4,22.9,2026-08-21 14:51:33.982337,0.25,0.03,574.53,34:68:95:df:a0:09
Lucas,2.5,"[3.3, 3.3, 3.9, 3.3]",73.4,22.9,2026-08-21 14:51:40.986602,0.05,0.01,723.82,34:68:95:df:a0:09
Lucas,1.6,"[2.3, 3.0, 4.7, 2.9]",73.5,22.9,2026-08-21 14:51:47.991085,0.06,0.0,649.13,34:68:95:df:a0:09
Lucas,1.4,"[4.1, 6.2, 3.7, 4.7]",73.6,22.9,2026-08-21 14:51:54.995423,0.03,0.0,798.28,34:68:95:df:a0:09
Lucas,6.6,"[5.0, 4.6, 4.2, 3.6]",73.5,22.9,2026-08-21 14:52:02.000246,0.1,0.0,723.72,34:68:95:df:a0:09
Lucas,1.3,"[2.0, 1.9, 3.0, 2.3]",73.5,22.9,2026-08-21 14:52:09.004724,0.03,0.0,723.65,34:68:95:df:a0:09
Lucas,1.8,"[3.0, 2.3, 3.0, 2.4]",73.4,22.9,2026-08-21 14:52:16.009338,0.03,0.0,649.09,34:68:95:df:a0:09
Lucas,1.9,"[2.5, 3.2, 3.7, 4.5]",73.6,22.9,2026-08-21 14:52:23.013760,0.03,0.0,723.83,34:68:95:df:a0:09
Lucas,1.5,"[2.9, 2.5, 1.7, 1.9]",73.6,22.9,2026-08-21 14:52:30.018433,0.02,0.0,649.09,34:68:95:df:a0:09
Lucas,2.2,"[5.0, 5.9, 5.2, 4.3]",73.4,22.9,2026-08-21 14:52:37.022821,0.02,0.0,798.21,34:68:95:df:a0:09
Lucas,1.0,"[5.4, 5.9, 4.5, 5.3]",73.4,22.9,2026-08-21 14:52:44.027266,0.01,0.0,723.78,34:68:95:df:a0:09
Lucas,2.0,"[3.3, 2.3, 3.3, 2.3]",73.6,22.9,2026-08-21 14:52:51.031679,0.02,0.0,574.54,34:68:95:df:a0:09
Lucas,1.5,"[2.6, 2.3, 2.7, 1.9]",73.5,22.9,2026-08-21 14:52:58.036181,0.03,0.0,723.52,34:68:95:df:a0:09
Lucas,2.0,"[6.8, 4.9, 6.2, 4.9]",73.4,22.9,2026-08-21 14:53:05.040547,0.23,0.0,723.63,34:68:95:df:a0:09
Lucas,2.8,"[4.2, 1.9, 3.0, 2.9]",73.5,22.9,2026-08-21 14:53:12.045162,0.09,0.0,723.69,34:68:95:df:a0:09
Lucas,3.0,"[3.1, 3.6, 3.2, 3.6]",73.4,22.9,2026-08-21 14:53:19.049527,0.02,0.0,723.8,34:68:95:df:a0:09
Lucas,3.4,"[3.5, 3.5, 4.2, 3.5]",73.6,22.9,2026-08-21 14:53:26.053922,0.02,0.0,649.11,34:68:95:df:a0:09
Lucas,4.6,"[5.4, 4.2, 3.7, 3.2]",73.5,22.9,2026-08-21 14:53:33.058359,0.06,0.03,798.21,34:68:95:df:a0:09
Lucas,1.8,"[5.4, 5.9, 5.5, 5.0]",73.4,22.9,2026-08-21 14:53:40.062708,0.02,0.0,574.54,34:68:95:df:a0:09
Lucas,2.1,"[3.6, 3.0, 3.5, 2.5]",73.5,22.9,2026-08-21 14:53:47.067072,0.06,0.0,723.74,34:68:95:df:a0:09
Lucas,2.2,"[2.6, 4.8, 3.0, 3.3]",73.7,22.9,2026-08-21 14:53:54.071580,0.2,0.0,723.66,34:68:95:df:a0:09
Lucas,3.8,"[6.0, 6.1, 7.2, 5.1]",73.5,22.9,2026-08-21 14:54:01.077364,0.39,0.0,798.38,34:68:95:df:a0:09
Lucas,2.9,"[4.7, 3.9, 3.6, 4.3]",73.6,22.9,2026-08-21 14:54:08.081805,0.25,0.0,798.39,34:68:95:df:a0:09
Lucas,2.0,"[7.1, 5.9, 5.6, 4.5]",73.4,22.9,2026-08-21 14:54:15.086552,0.12,0.0,723.75,34:68:95:df:a0:09
Lucas,2.7,"[4.7, 3.6, 3.9, 3.9]",73.5,22.9,2026-08-21 14:54:22.091281,0.08,0.0,798.24,34:68:95:df:a0:09
Lucas,1.9,"[3.4, 4.6, 1.7, 2.2]",73.5,22.9,2026-08-21 14:54:29.096045,0.07,0.0,723.78,34:68:95:df:a0:09
Lucas,2.0,"[4.1, 3.3, 3.0, 4.8]",73.5,22.9,2026-08-21 14:54:36.100410,0.09,0.03,723.84,34:68:95:df:a0:09
Lucas,1.6,"[3.3, 3.3, 3.9, 4.2]",73.6,22.9,2026-08-21 14:54:43.104368,0.06,0.0,723.7,34:68:95:df:a0:09
Lucas,3.5,"[4.5, 4.7, 3.9, 5.9]",73.7,22.9,2026-08-21 14:54:50.108681,0.07,0.0,798.17,34:68:95:df:a0:09
Lucas,1.9,"[2.6, 3.6, 2.9, 2.6]",73.7,22.9,2026-08-21 14:54:57.113117,0.02,0.0,574.54,34:68:95:df:a0:09
Lucas,1.4,"[3.2, 3.3, 4.6, 2.9]",73.6,22.9,2026-08-21 14:55:04.117731,0.02,0.0,723.71,34:68:95:df:a0:09
Lucas,2.3,"[4.7, 4.6, 5.9, 5.8]",73.5,22.9,2026-08-21 14:55:11.121357,0.02,0.0,1771.26,34:68:95:df:a0:09
Lucas,1.4,"[3.1, 2.6, 2.7, 2.3]",73.4,22.9,2026-08-21 14:55:18.125397,0.04,0.0,798.5,34:68:95:df:a0:09
Lucas,1.4,"[5.5, 6.1, 5.6, 4.6]",73.6,22.9,2026-08-21 14:55:25.130340,0.02,0.0,574.53,34:68:95:df:a0:09
Lucas,4.8,"[3.5, 3.6, 3.6, 2.8]",73.6,22.9,2026-08-21 14:55:32.136764,0.06,0.04,798.2,34:68:95:df:a0:09
Lucas,2.3,"[3.5, 3.2, 3.3, 3.3]",73.6,22.9,2026-08-21 14:55:39.142204,0.03,0.02,649.1,34:68:95:df:a0:09
Lucas,1.8,"[2.6, 3.2, 4.2, 1.7]",73.7,22.9,2026-08-21 14:55:46.146501,0.04,0.0,649.1,34:68:95:df:a0:09
Lucas,1.0,"[2.6, 3.3, 2.2, 3.3]",73.9,22.9,2026-08-21 14:55:53.150470,0.03,0.0,649.03,34:68:95:df:a0:09
Lucas,1.9,"[5.1, 4.9, 3.9, 4.7]",73.6,22.9,2026-08-21 14:56:00.154756,0.03,0.0,723.88,34:68:95:df:a0:09
Lucas,4.7,"[5.8, 6.2, 5.2, 7.6]",73.4,22.9,2026-08-21 14:56:07.159227,0.2,0.0,649.13,34:68:95:df:a0:09
Lucas,2.7,"[4.0, 4.3, 4.6, 3.8]",73.4,22.9,2026-08-21 14:56:14.164004,0.21,0.01,649.48,34:68:95:df:a0:09
Lucas,3.0,"[3.5, 3.9, 5.5, 2.7]",73.6,22.9,2026-08-21 14:56:21.167892,0.02,0.0,998.36,34:68:95:df:a0:09
Lucas,2.0,"[2.0, 3.7, 2.9, 3.0]",73.6,22.9,2026-08-21 14:56:28.171996,0.16,0.0,723.79,34:68:95:df:a0:09
Lucas,2.8,"[5.7, 5.8, 5.6, 5.5]",73.5,22.9,2026-08-21 14:56:35.176437,0.05,0.09,798.23,34:68:95:df:a0:09
Lucas,2.8,"[2.9, 4.6, 2.6, 2.3]",73.4,22.9,2026-08-21 14:56:42.180847,0.06,0.0,798.51,34:68:95:df:a0:09
Lucas,3.2,"[3.2, 4.3, 2.2, 2.2]",73.5,22.9,2026-08-21 14:56:49.185457,0.04,0.0,574.53,34:68:95:df:a0:09
Lucas,1.9,"[2.9, 3.3, 3.2, 2.9]",73.7,22.9,2026-08-21 14:56:56.190059,0.04,0.0,723.66,34:68:95:df:a0:09
Lucas,3.5,"[4.1, 4.0, 3.2, 4.8]",73.8,22.9,2026-08-21 14:57:03.194899,0.18,0.0,723.66,34:68:95:df:a0:09
Lucas,1.6,"[6.9, 7.1, 6.1, 6.8]",73.3,22.9,2026-08-21 14:57:10.199420,0.05,0.0,798.21,34:68:95:df:a0:09
Lucas,2.8,"[3.9, 3.6, 2.6, 2.2]",73.4,22.9,2026-08-21 14:57:17.203864,0.02,0.03,574.55,34:68:95:df:a0:09
Lucas,1.6,"[4.8, 3.3, 3.0, 2.9]",73.7,22.9,2026-08-21 14:57:24.208370,0.09,0.0,798.17,34:68:95:df:a0:09
Lucas,5.3,"[3.3, 4.3, 2.7, 3.0]",73.7,22.9,2026-08-21 14:57:31.212717,0.05,0.06,798.25,34:68:95:df:a0:09
Lucas,1.9,"[2.5, 2.2, 2.9, 2.9]",73.7,22.9,2026-08-21 14:57:38.217184,0.07,0.03,798.5,34:68:95:df:a0:09
Lucas,1.0,"[4.8, 5.6, 4.5, 5.0]",73.6,22.9,2026-08-21 14:57:45.221559,0.02,0.0,723.8,34:68:95:df:a0:09
Lucas,2.5,"[2.2, 2.7, 5.0, 3.2]",73.7,22.9,2026-08-21 14:57:52.225924,0.01,0.0,723.67,34:68:95:df:a0:09
Lucas,1.3,"[2.6, 2.3, 2.6, 1.7]",73.7,22.9,2026-08-21 14:57:59.230414,0.01,0.0,649.17,34:68:95:df:a0:09
Lucas,1.8,"[6.0, 7.6, 6.1, 5.2]",73.6,22.9,2026-08-21 14:58:06.234897,0.02,0.0,797.99,34:68:95:df:a0:09
Lucas,3.0,"[2.9, 4.1, 3.2, 3.9]",73.6,22.9,2026-08-21 14:58:13.239486,0.07,0.04,723.66,34:68:95:df:a0:09
Lucas,3.8,"[4.2, 5.6, 4.5, 5.9]",73.6,22.9,2026-08-21 14:58:20.243867,0.04,0.0,649.2,34:68:95:df:a0:09
Lucas,1.8,"[2.8, 3.2, 2.2, 2.6]",73.6,22.9,2026-08-21 14:58:27.248236,0.03,0.0,723.74,34:68:95:df:a0:09
Lucas,2.0,"[4.2, 4.2, 3.3, 3.3]",73.7,22.9,2026-08-21 14:58:34.252612,0.01,0.0,723.65,34:68:95:df:a0:09
Lucas,2.7,"[5.2, 2.9, 3.6, 3.6]",73.7,22.9,2026-08-21 14:58:41.257199,0.07,0.0,798.29,34:68:95:df:a0:09
Lucas,1.3,"[6.4, 6.6, 4.9, 4.5]",73.6,22.9,2026-08-21 14:58:48.261580,0.05,0.0,798.29,34:68:95:df:a0:09
Lucas,1.8,"[3.6, 2.4, 3.8, 3.3]",73.8,22.9,2026-08-21 14:58:55.266056,0.16,0.0,723.62,34:68:95:df:a0:09
Lucas,6.1,"[5.0, 6.5, 3.5, 3.5]",73.8,22.9,2026-08-21 14:59:02.270750,0.25,0.0,798.25,34:68:95:df:a0:09
Lucas,1.9,"[5.2, 4.8, 6.3, 5.5]",73.7,22.9,2026-08-21 14:59:09.275176,0.01,0.0,798.66,34:68:95:df:a0:09
Lucas,1.4,"[3.2, 3.3, 3.2, 1.7]",73.7,22.9,2026-08-21 14:59:16.279530,0.01,0.0,798.2,34:68:95:df:a0:09
Lucas,1.4,"[4.4, 5.2, 6.9, 4.5]",73.7,22.9,2026-08-21 14:59:23.283997,0.01,0.0,723.68,34:68:95:df:a0:09
Lucas,3.0,"[3.3, 2.2, 2.2, 4.3]",73.7,22.9,2026-08-21 14:59:30.288390,0.04,0.06,723.79,34:68:95:df:a0:09
Lucas,2.4,"[3.5, 3.9, 3.3, 4.2]",73.6,22.9,2026-08-21 14:59:37.292824,0.01,0.0,798.36,34:68:95:df:a0:09
Lucas,0.9,"[3.9, 4.0, 2.9, 5.5]",73.8,22.9,2026-08-21 14:59:44.297690,0.02,0.0,723.67,34:68:95:df:a0:09
Lucas,2.8,"[4.6, 5.6, 4.9, 5.8]",73.7,22.9,2026-08-21 14:59:51.301679,0.03,0.0,649.13,34:68:95:df:a0:09
Lucas,1.8,"[2.6, 2.2, 2.9, 2.0]",73.7,22.9,2026-08-21 14:59:58.306127,0.16,0.0,723.78,34:68:95:df:a0:09
Lucas,1.3,"[6.2, 5.2, 5.6, 5.3]",73.7,22.9,2026-08-21 15:00:05.310556,0.03,0.0,798.26,34:68:95:df:a0:09
Lucas,2.4,"[4.9, 4.0, 4.9, 4.0]",73.5,22.9,2026-08-21 15:00:12.315069,0.01,0.0,649.26,34:68:95:df:a0:09
Lucas,3.3,"[1.7, 3.2, 2.6, 4.0]",73.5,22.9,2026-08-21 15:00:19.319531,0.02,0.0,649.11,34:68:95:df:a0:09
Lucas,2.0,"[3.2, 2.7, 5.3, 3.5]",73.5,22.9,2026-08-21 15:00:26.324031,0.04,0.0,798.4,34:68:95:df:a0:09
Lucas,2.9,"[3.3, 4.3, 4.6, 3.3]",73.6,22.9,2026-08-21 15:00:33.328433,0.03,0.04,723.71,34:68:95:df:a0:09
Lucas,1.6,"[5.1, 4.9, 4.5, 5.8]",73.7,22.9,2026-08-21 15:00:40.333182,0.03,0.0,798.38,34:68:95:df:a0:09
Lucas,1.6,"[3.8, 2.7, 4.0, 2.7]",73.7,22.9,2026-08-21 15:00:47.337761,0.04,0.0,798.22,34:68:95:df:a0:09
Lucas,1.1,"[4.5, 1.7, 3.0, 2.7]",73.8,22.9,2026-08-21 15:00:54.342265,0.06,0.0,723.69,34:68:95:df:a0:09
Lucas,2.8,"[3.5, 2.2, 4.2, 2.6]",74.0,22.9,2026-08-21 15:01:01.346713,0.01,0.0,723.68,34:68:95:df:a0:09
Lucas,2.2,"[8.7, 7.8, 7.4, 7.8]",73.6,22.9,2026-08-21 15:01:08.351297,0.12,0.0,723.64,34:68:95:df:a0:09
Lucas,1.3,"[3.9, 2.3, 3.9, 2.6]",73.6,22.9,2026-08-21 15:01:15.355829,0.01,0.0,649.14,34:68:95:df:a0:09
Lucas,2.5,"[5.4, 3.6, 4.5, 1.7]",73.7,22.9,2026-08-21 15:01:22.360406,0.05,0.0,649.18,34:68:95:df:a0:09
Lucas,2.3,"[2.6, 2.3, 2.9, 3.0]",73.8,22.9,2026-08-21 15:01:29.365007,0.16,0.0,723.74,34:68:95:df:a0:09
Lucas,1.8,"[4.9, 5.8, 5.9, 6.3]",73.5,22.9,2026-08-21 15:01:36.369547,0.04,0.03,798.28,34:68:95:df:a0:09
Lucas,2.3,"[3.2, 4.3, 3.5, 3.8]",73.7,22.9,2026-08-21 15:01:43.373909,0.21,0.0,574.55,34:68:95:df:a0:09
Lucas,3.4,"[3.7, 3.5, 3.0, 2.7]",74.0,22.9,2026-08-21 15:01:50.378458,0.03,0.0,723.82,34:68:95:df:a0:09
Lucas,1.8,"[2.3, 3.2, 2.2, 2.7]",73.8,22.9,2026-08-21 15:01:57.383069,0.01,0.0,723.73,34:68:95:df:a0:09
Lucas,1.9,"[7.9, 7.7, 7.9, 9.4]",73.6,22.9,2026-08-21 15:02:04.387585,0.14,0.0,649.12,34:68:95:df:a0:09
Lucas,2.4,"[2.3, 2.3, 2.6, 3.6]",73.5,22.9,2026-08-21 15:02:11.392105,0.02,0.0,649.01,34:68:95:df:a0:09
Lucas,1.3,"[2.8, 2.5, 2.7, 2.6]",73.7,22.9,2026-08-21 15:02:18.396604,0.04,0.0,723.68,34:68:95:df:a0:09
Lucas,1.8,"[5.2, 2.9, 2.9, 3.2]",73.9,22.9,2026-08-21 15:02:25.400954,0.16,0.0,723.65,34:68:95:df:a0:09
Lucas,2.9,"[6.0, 5.2, 5.9, 4.2]",73.5,22.9,2026-08-21 15:02:32.405520,0.05,0.0,574.55,34:68:95:df:a0:09
Lucas,1.4,"[2.5, 2.9, 2.3, 3.5]",73.6,22.9,2026-08-21 15:02:39.410200,0.02,0.0,723.62,34:68:95:df:a0:09
Lucas,1.6,"[2.8, 2.9, 3.8, 2.2]",73.7,22.9,2026-08-21 15:02:46.414581,0.02,0.0,574.53,34:68:95:df:a0:09
Lucas,1.5,"[2.5, 2.3, 5.3, 2.2]",74.0,22.9,2026-08-21 15:02:53.419032,0.12,0.0,798.3,34:68:95:df:a0:09
Lucas,1.8,"[6.7, 6.6, 7.5, 6.8]",73.7,22.9,2026-08-21 15:03:00.423532,0.02,0.0,649.07,34:68:95:df:a0:09
Lucas,2.0,"[3.8, 3.0, 4.2, 3.5]",73.6,22.9,2026-08-21 15:03:07.428166,0.04,0.0,723.65,34:68:95:df:a0:09
Lucas,2.3,"[3.4, 4.3, 3.3, 2.5]",73.6,22.9,2026-08-21 15:03:14.432706,0.23,0.0,723.73,34:68:95:df:a0:09
Lucas,3.8,"[3.8, 3.8, 4.6, 2.9]",73.7,22.9,2026-08-21 15:03:21.437199,0.05,0.0,723.68,34:68:95:df:a0:09
Lucas,1.4,"[4.9, 5.0, 4.8, 4.2]",73.6,22.9,2026-08-21 15:03:28.441579,0.06,0.0,798.38,34:68:95:df:a0:09
Lucas,1.9,"[3.9, 4.5, 5.5, 3.9]",74.0,22.9,2026-08-21 15:03:35.445599,0.02,0.03,574.54,34:68:95:df:a0:09
Lucas,4.1,"[7.8, 6.2, 5.8, 8.4]",73.8,22.9,2026-08-21 15:03:42.449661,0.29,0.02,798.23,34:68:95:df:a0:09
Lucas,4.2,"[3.6, 2.3, 1.6, 5.0]",73.9,22.9,2026-08-21 15:03:49.454253,0.16,0.0,723.73,34:68:95:df:a0:09
Lucas,2.2,"[5.8, 5.5, 4.5, 5.2]",73.9,22.9,2026-08-21 15:03:56.459099,0.13,0.0,798.28,34:68:95:df:a0:09
Lucas,5.2,"[3.9, 3.5, 4.6, 4.3]",73.8,22.9,2026-08-21 15:04:03.463676,0.18,0.0,798.15,34:68:95:df:a0:09
Lucas,1.6,"[2.6, 2.6, 3.9, 3.6]",73.9,22.9,2026-08-21 15:04:10.468259,0.04,0.0,649.22,34:68:95:df:a0:09
Lucas,2.2,"[4.2, 2.5, 4.2, 3.6]",74.0,22.9,2026-08-21 15:04:17.472655,0.05,0.03,723.38,34:68:95:df:a0:09
Lucas,1.0,"[5.2, 3.6, 5.3, 6.6]",74.0,22.9,2026-08-21 15:04:24.477070,0.02,0.0,649.11,34:68:95:df:a0:09
Lucas,3.8,"[6.1, 5.6, 7.9, 8.0]",74.1,22.9,2026-08-21 15:04:32.276045,0.0,0.01,649.15,34:68:95:df:a0:09
Lucas,11.5,"[9.3, 11.8, 7.5, 8.5]",74.6,22.9,2026-08-21 15:04:39.280039,0.87,0.49,1322.47,34:68:95:df:a0:09
Lucas,4.6,"[4.9, 5.1, 4.4, 7.1]",74.7,22.9,2026-08-21 15:04:46.283958,1.23,0.04,723.62,34:68:95:df:a0:09
Lucas,2.4,"[14.1, 10.1, 17.6, 6.5]",76.6,22.9,2026-08-21 15:04:53.288973,0.02,0.0,574.54,34:68:95:df:a0:09
Lucas,2.3,"[2.2, 2.9, 3.2, 1.9]",74.5,22.9,2026-08-21 15:05:00.293268,0.01,0.0,723.74,34:68:95:df:a0:09
Lucas,2.4,"[4.8, 2.9, 3.5, 3.7]",74.2,22.9,2026-08-21 15:05:07.297648,0.01,0.0,723.64,34:68:95:df:a0:09
Lucas,2.5,"[9.7, 11.4, 9.5, 11.1]",74.2,22.9,2026-08-21 15:05:14.302131,0.02,0.03,723.78,34:68:95:df:a0:09
Lucas,4.5,"[6.7, 4.8, 7.9, 4.6]",74.2,22.9,2026-08-21 15:05:21.306369,0.01,0.0,798.24,34:68:95:df:a0:09
Lucas,1.6,"[2.7, 3.7, 1.6, 1.7]",74.1,22.9,2026-08-21 15:05:28.310810,0.01,0.0,723.63,34:68:95:df:a0:09
Lucas,5.0,"[4.5, 5.3, 4.2, 3.9]",74.0,22.9,2026-08-21 15:05:35.315199,0.14,0.12,649.13,34:68:95:df:a0:09
Lucas,10.5,"[6.3, 7.5, 6.1, 7.5]",74.4,22.9,2026-08-21 15:05:42.319410,0.04,0.04,798.21,34:68:95:df:a0:09
Lucas,1.0,"[8.9, 8.8, 6.5, 6.9]",74.3,22.9,2026-08-21 15:05:49.323802,0.06,0.0,798.19,34:68:95:df:a0:09
Lucas,1.3,"[6.2, 6.5, 5.6, 6.3]",74.3,22.9,2026-08-21 15:05:56.328227,0.02,0.0,798.44,34:68:95:df:a0:09
Lucas,4.8,"[3.0, 3.6, 4.6, 3.0]",74.2,22.9,2026-08-21 15:06:03.332894,0.02,0.0,798.24,34:68:95:df:a0:09
Lucas,1.9,"[3.2, 2.0, 2.3, 2.6]",74.1,22.9,2026-08-21 15:06:10.337275,0.03,0.0,798.29,34:68:95:df:a0:09
Lucas,2.0,"[5.0, 5.3, 4.3, 5.9]",74.1,22.9,2026-08-21 15:06:17.341733,0.02,0.01,798.26,34:68:95:df:a0:09
Lucas,2.0,"[6.2, 6.2, 3.9, 4.3]",74.4,22.9,2026-08-21 15:06:24.346174,0.0,0.0,798.27,34:68:95:df:a0:09
Lucas,5.8,"[3.9, 4.0, 3.4, 4.3]",74.6,22.9,2026-08-21 15:06:31.350682,0.02,0.02,723.72,34:68:95:df:a0:09
Lucas,4.9,"[7.4, 7.2, 8.5, 6.7]",74.9,22.9,2026-08-21 15:06:38.353820,0.02,0.01,1422.03,34:68:95:df:a0:09
Lucas,3.0,"[11.8, 11.9, 11.2, 14.0]",74.7,22.9,2026-08-21 15:06:45.358176,0.22,0.01,723.8,34:68:95:df:a0:09
Lucas,2.8,"[4.7, 4.9, 3.2, 3.6]",74.4,22.9,2026-08-21 15:06:52.362437,0.02,0.0,798.23,34:68:95:df:a0:09
Lucas,1.9,"[2.7, 2.7, 3.6, 4.5]",74.5,22.9,2026-08-21 15:06:59.366875,0.01,0.0,649.15,34:68:95:df:a0:09
Lucas,1.4,"[3.2, 3.9, 4.3, 6.8]",74.2,22.9,2026-08-21 15:07:06.371456,0.01,0.0,649.14,34:68:95:df:a0:09
Lucas,2.8,"[5.2, 5.8, 5.9, 4.8]",74.2,22.9,2026-08-21 15:07:13.376009,0.01,0.01,723.83,34:68:95:df:a0:09
Lucas,5.1,"[5.8, 9.4, 5.1, 19.5]",74.5,22.9,2026-08-21 15:07:20.380447,0.03,0.04,649.14,34:68:95:df:a0:09
Lucas,2.4,"[7.9, 8.2, 7.9, 7.8]",74.3,22.9,2026-08-21 15:07:27.384978,0.05,0.02,649.19,34:68:95:df:a0:09
Lucas,7.4,"[4.7, 4.6, 6.4, 4.9]",74.5,22.9,2026-08-21 15:07:34.389529,0.22,0.33,798.32,34:68:95:df:a0:09
Lucas,2.4,"[7.1, 5.8, 6.9, 5.5]",74.3,22.9,2026-08-21 15:07:41.394202,0.03,0.03,723.66,34:68:95:df:a0:09
Lucas,12.3,"[7.9, 5.5, 6.5, 5.2]",74.4,22.9,2026-08-21 15:07:48.398694,0.22,0.23,800.23,34:68:95:df:a0:09
Lucas,1.1,"[4.8, 6.9, 3.9, 4.8]",74.7,22.9,2026-08-21 15:07:55.403172,0.01,0.0,798.39,34:68:95:df:a0:09
Lucas,2.1,"[4.1, 2.3, 3.5, 3.9]",74.8,22.9,2026-08-21 15:08:02.407728,0.01,0.0,723.68,34:68:95:df:a0:09
Lucas,2.3,"[7.8, 8.1, 7.9, 7.9]",74.2,22.9,2026-08-21 15:08:09.412249,0.01,0.0,723.81,34:68:95:df:a0:09
Lucas,1.1,"[4.6, 3.7, 4.6, 4.6]",74.0,22.9,2026-08-21 15:08:16.416544,0.01,0.0,798.24,34:68:95:df:a0:09
Lucas,3.0,"[8.1, 9.2, 6.8, 7.4]",74.4,22.9,2026-08-21 15:08:23.421143,0.01,0.01,723.7,34:68:95:df:a0:09
Lucas,2.8,"[2.6, 4.2, 3.5, 2.6]",74.5,22.9,2026-08-21 15:08:30.425661,0.02,0.02,649.23,34:68:95:df:a0:09
Lucas,9.2,"[5.5, 6.1, 4.3, 6.4]",74.4,22.9,2026-08-21 15:08:37.430129,0.01,0.01,798.3,34:68:95:df:a0:09
Lucas,4.6,"[9.9, 8.1, 9.3, 7.4]",74.5,22.9,2026-08-21 15:08:44.434554,0.31,0.1,798.7,34:68:95:df:a0:09
Lucas,7.9,"[11.9, 8.2, 8.4, 9.2]",74.4,22.9,2026-08-21 15:08:51.438540,0.29,0.14,649.1,34:68:95:df:a0:09
Lucas,1.6,"[2.9, 3.2, 1.9, 3.2]",74.3,22.9,2026-08-21 15:08:58.443057,0.01,0.0,798.41,34:68:95:df:a0:09
Lucas,1.3,"[4.5, 3.5, 4.0, 2.7]",74.3,22.9,2026-08-21 15:09:05.447567,0.01,0.0,574.55,34:68:95:df:a0:09
Lucas,4.3,"[6.3, 3.9, 7.6, 4.6]",74.4,22.9,2026-08-21 15:09:12.452141,0.0,0.0,998.49,34:68:95:df:a0:09
Lucas,2.0,"[5.2, 5.8, 7.5, 5.8]",74.4,22.9,2026-08-21 15:09:19.456532,0.05,0.01,723.82,34:68:95:df:a0:09
Lucas,12.3,"[6.6, 12.3, 7.2, 10.1]",74.5,22.9,2026-08-21 15:09:26.461091,0.31,0.46,798.43,34:68:95:df:a0:09
Lucas,4.4,"[4.1, 5.6, 5.9, 4.9]",74.5,22.9,2026-08-21 15:09:33.465520,0.07,0.06,798.43,34:68:95:df:a0:09
Lucas,2.0,"[3.4, 4.0, 3.2, 2.9]",74.5,22.9,2026-08-21 15:09:40.470035,0.04,0.0,649.15,34:68:95:df:a0:09
Lucas,3.7,"[6.6, 5.2, 4.6, 5.5]",74.1,22.9,2026-08-21 15:09:47.474686,0.13,0.05,649.1,34:68:95:df:a0:09
Lucas,1.3,"[4.8, 5.8, 4.0, 3.3]",74.2,22.9,2026-08-21 15:09:54.479135,0.01,0.0,649.12,34:68:95:df:a0:09
Lucas,1.5,"[2.3, 2.7, 1.7, 2.4]",74.3,22.9,2026-08-21 15:10:01.483366,0.01,0.0,798.24,34:68:95:df:a0:09
Lucas,2.3,"[4.9, 3.6, 4.3, 3.3]",74.3,22.9,2026-08-21 15:10:08.488067,0.01,0.0,798.19,34:68:95:df:a0:09
Lucas,1.1,"[8.0, 7.2, 7.0, 6.6]",74.2,22.9,2026-08-21 15:10:15.492380,0.01,0.0,723.73,34:68:95:df:a0:09
Lucas,3.0,"[4.5, 4.8, 2.9, 2.3]",74.3,22.9,2026-08-21 15:10:22.496811,0.02,0.0,649.1,34:68:95:df:a0:09
